Criterion,Fuzzy_Weight_L,Fuzzy_Weight_M,Fuzzy_Weight_U,Crisp_Weight,Normalized_Weight_%
Poverty_Index,2.1497523131034284,2.480506205753552,2.872349819670961,2.4906878259647662,38.216677428187175
Water_Depth,1.681080577814401,2.0593581251041213,2.536517481635736,2.0758384266444367,31.851300960760494
Flood_Duration,0.6966740498485103,0.8007092348177595,1.1053422964928694,0.8341422142687364,12.798931925398605
House_Type,0.6543893899412373,0.846955552623301,0.9231003232945625,0.8275519872881674,12.697812637758698
Distance,0.24119748900851218,0.28866381537940083,0.33850375946582717,0.28905941833199045,4.4352770478950285
